john,adamenko,john45,neskagu,john45@mail.ru,1986-03-29 19:54:10 UTC
new ya,adamenko,manga,12345678,manga@,2002-03-30 21:17:34 UTC
john33,adam68,manga22,123456789,john74@mail.ru},2017-03-31 21:58:40 UTC
john12,adam15,manga70,123456789,john73@mail.ru},2017-03-31 21:59:56 UTC
john19,adam5,manga85,123456789,john58@mail.ru},2017-03-31 22:00:46 UTC
john,adamenko,john45,neskagu,john45@mail.ru,1986-03-29 19:54:10 UTC
new ya,adamenko,manga,12345678,manga@,2002-03-30 21:17:34 UTC
john33,adam68,manga22,123456789,john74@mail.ru},2017-03-31 21:58:40 UTC
john12,adam15,manga70,123456789,john73@mail.ru},2017-03-31 21:59:56 UTC
john19,adam5,manga85,123456789,john58@mail.ru},2017-03-31 22:00:46 UTC
